<?xml version="1.0" encoding="UTF-8"?>
<!DOCTYPE module PUBLIC "-//Checkstyle//DTD Check Configuration 1.3//EN" "https://checkstyle.org/dtds/configuration_1_3.dtd">

<!--
    This configuration file was written by the eclipse-cs plugin configuration editor
-->
<!--
    Checkstyle-Configuration: mssql-new
    Description: none
-->
<module name="Checker">
  <property name="severity" value="warning"/>
  <property name="fileExtensions" value="java, properties, xml"/>
  <module name="TreeWalker">
    <module name="JavadocMethod">
      <property name="severity" value="warning"/>
      <property name="validateThrows" value="true"/>
      <property name="scope" value="public"/>
      <property name="excludeScope" value="protected"/>
    </module>
    <module name="JavadocType">
      <property name="excludeScope" value="protected"/>
      <property name="scope" value="public"/>
      <property name="tokens" value="INTERFACE_DEF,ENUM_DEF,CLASS_DEF,ANNOTATION_DEF"/>
    </module>
    <module name="JavadocVariable">
      <property name="excludeScope" value="protected"/>
      <property name="scope" value="public"/>
    </module>
    <module name="JavadocStyle">
      <property name="checkFirstSentence" value="false"/>
    </module>
    <module name="ConstantName">
      <property name="applyToPrivate" value="false"/>
    </module>
    <module name="LocalFinalVariableName"/>
    <module name="LocalVariableName"/>
    <module name="MemberName"/>
    <module name="MethodName"/>
    <module name="PackageName"/>
    <module name="ParameterName"/>
    <module name="StaticVariableName"/>
    <module name="TypeName"/>
    <module name="AvoidStarImport"/>
    <module name="IllegalImport"/>
    <module name="RedundantImport"/>
    <module name="UnusedImports">
      <property name="processJavadoc" value="false"/>
    </module>
    <module name="LineLength">
      <property name="max" value="200"/>
    </module>
    <module name="MethodLength">
      <property name="severity" value="ignore"/>
      <metadata name="net.sf.eclipsecs.core.lastEnabledSeverity" value="inherit"/>
    </module>
    <module name="ParameterNumber">
      <property name="max" value="15"/>
    </module>
    <module name="EmptyForIteratorPad"/>
    <module name="GenericWhitespace"/>
    <module name="MethodParamPad"/>
    <module name="NoWhitespaceAfter">
      <property name="tokens" value="ARRAY_INIT,AT,INC,DEC,UNARY_MINUS,UNARY_PLUS,BNOT,LNOT,DOT,ARRAY_DECLARATOR,INDEX_OP,LITERAL_SYNCHRONIZED"/>
    </module>
    <module name="NoWhitespaceBefore"/>
    <module name="OperatorWrap"/>
    <module name="ParenPad"/>
    <module name="TypecastParenPad"/>
    <module name="WhitespaceAfter"/>
    <module name="ModifierOrder"/>
    <module name="RedundantModifier"/>
    <module name="EmptyBlock">
      <property name="option" value="statement"/>
      <property name="tokens" value="LITERAL_WHILE,LITERAL_FINALLY,LITERAL_DO,LITERAL_IF,LITERAL_ELSE,LITERAL_FOR,INSTANCE_INIT,STATIC_INIT,LITERAL_SWITCH,LITERAL_SYNCHRONIZED"/>
    </module>
    <module name="LeftCurly"/>
    <module name="RightCurly"/>
    <module name="EmptyStatement"/>
    <module name="EqualsHashCode"/>
    <module name="IllegalInstantiation"/>
    <module name="InnerAssignment"/>
    <module name="MissingSwitchDefault"/>
    <module name="SimplifyBooleanExpression"/>
    <module name="SimplifyBooleanReturn"/>
    <module name="DesignForExtension"/>
    <module name="FinalClass"/>
    <module name="HideUtilityClassConstructor"/>
    <module name="InterfaceIsType"/>
    <module name="VisibilityModifier">
      <property name="packageAllowed" value="true"/>
      <property name="protectedAllowed" value="true"/>
    </module>
    <module name="ArrayTypeStyle"/>
    <module name="TodoComment"/>
    <module name="UpperEll"/>
    <module name="RegexpSinglelineJava"/>
    <module name="WhitespaceAround">
      <property name="tokens" value="ASSIGN,BAND,BAND_ASSIGN,BOR,BOR_ASSIGN,BSR,BSR_ASSIGN,BXOR,BXOR_ASSIGN,COLON,DIV,DIV_ASSIGN,DO_WHILE,EQUAL,GE,GT,LAMBDA,LAND,LE,LITERAL_ASSERT,LITERAL_CATCH,LITERAL_DO,LITERAL_ELSE,LITERAL_FINALLY,LITERAL_FOR,LITERAL_IF,LITERAL_RETURN,LITERAL_SWITCH,LITERAL_SYNCHRONIZED,LITERAL_TRY,LITERAL_WHILE,LOR,LT,MINUS,MINUS_ASSIGN,MOD,MOD_ASSIGN,NOT_EQUAL,PLUS,PLUS_ASSIGN,QUESTION,SL,SLIST,SL_ASSIGN,SR,SR_ASSIGN,STAR,STAR_ASSIGN,TYPE_EXTENSION_AND"/>
      <property name="allowEmptyConstructors" value="true"/>
      <property name="allowEmptyMethods" value="true"/>
      <property name="allowEmptyTypes" value="true"/>
      <property name="allowEmptyLoops" value="true"/>
      <property name="allowEmptyLambdas" value="true"/>
    </module>
    <module name="NeedBraces">
      <property name="tokens" value="LITERAL_DO,LITERAL_ELSE,LITERAL_IF,LITERAL_FOR,LITERAL_WHILE"/>
      <property name="allowSingleLineStatement" value="true"/>
      <property name="allowEmptyLoopBody" value="true"/>
    </module>
  </module>
  <module name="JavadocPackage"/>
  <module name="NewlineAtEndOfFile">
    <property name="lineSeparator" value="lf"/>
  </module>
  <module name="Translation"/>
  <module name="FileLength">
    <property name="severity" value="ignore"/>
    <metadata name="net.sf.eclipsecs.core.lastEnabledSeverity" value="inherit"/>
  </module>
  <module name="FileTabCharacter"/>
</module>
